1,Brynne,Clulow,bclulow0@ow.ly,--,156.250.163.184
2,Mike,Robertson,mrobertson1@marriott.com,72,52.8.185.165
3,Vladamir,Essel,vessel2@printfriendly.com,87,211.212.250.109
4,Kattie,Geck,kgeck3@phpbb.com,16,247.47.8.189
5,Leanor,Ripping,lripping4@de.vu,51,219.79.161.224
6,Friedrich,Goodsir,fgoodsir5@scientificamerican.com,--,213.86.181.102
7,Darline,Korda,dkorda6@4shared.com,72,20.155.146.225
8,Georgette,Hilary,ghilary7@friendfeed.com,84,236.63.118.242
9,Jess,Lafflin,jlafflin8@wix.com,--,181.54.245.241
10,Zeb,Waddup,zwaddup9@histats.com,63,128.167.58.208
11,Jessa,Twinborough,jtwinborougha@flickr.com,43,242.87.41.247
12,Madelene,O'Farris,mofarrisb@webs.com,87,247.150.123.131
13,Bamby,Tibbles,btibblesc@artisteer.com,67,12.100.172.152
14,Tildi,Challicum,tchallicumd@webnode.com,69,164.230.88.72
15,Kipper,McGragh,kmcgraghe@hatena.ne.jp,34,36.158.24.151
16,Mic,Brewins,mbrewinsf@uiuc.edu,--,28.51.175.44
17,Pippo,Riccio,pricciog@behance.net,23,163.2.211.74
18,Purcell,Lobb,plobbh@so--net.ne.jp,69,187.121.139.173
19,Tobye,De la Perrelle,tdelaperrellei@yellowpages.com,28,159.251.144.140
20,Sashenka,Danilowicz,sdanilowiczj@mozilla.com,42,91.173.92.100
21,Kirsten,Dod,kdodk@tripod.com,47,56.117.55.74
22,Pru,Gravestone,pgravestonel@berkeley.edu,23,12.138.252.67
23,Lodovico,Blaymires,lblaymiresm@a8.net,84,125.68.46.55
24,Alessandra,Blinkhorn,ablinkhornn@flavors.me,68,226.64.119.233
25,Fulton,Gostage,fgostageo@cyberchimps.com,81,213.2.230.116
26,Doria,Gillis,dgillisp@reverbnation.com,17,26.181.140.250
27,Turner,Elgee,telgeeq@ucoz.com,23,59.118.208.22
28,Desiri,Everill,deverillr@virginia.edu,73,28.98.172.102
29,Joseph,Pietron,jpietrons@toplist.cz,42,191.129.9.51
30,Clay,Elacoate,celacoatet@163.com,--,196.75.98.207